Customer_ID;Customer_Name;Gender;Age;City;Join_Date;Membership
C0001;Customer 1;Female;35;Surabaya;2023-03-27;Gold
C0002;Customer 2;Male;27;Semarang;2023-05-03;Silver
C0003;Customer 3;Male;43;Surabaya;2024-09-14;Gold
C0004;Customer 4;Female;47;Bandung;2023-01-24;Silver
C0005;Customer 5;Male;39;Surabaya;2024-04-11;Silver
C0006;Customer 6;Female;52;Bandung;2024-03-27;Gold
C0007;Customer 7;Male;22;Semarang;2023-03-03;Silver
C0008;Customer 8;Female;25;Jakarta;2024-03-13;Gold
C0009;Customer 9;Male;25;Bandung;2024-02-11;Platinum
C0010;Customer 10;Male;36;Surabaya;2024-12-21;Gold
C0011;Customer 11;Male;29;Jakarta;2023-11-30;Gold
C0012;Customer 12;Female;24;Semarang;2023-03-02;Platinum
C0013;Customer 13;Female;18;Semarang;2023-12-04;Silver
C0014;Customer 14;Female;56;Semarang;2023-01-05;Silver
C0015;Customer 15;Female;31;Bandung;2023-02-03;Platinum
C0016;Customer 16;Female;26;Surabaya;2023-06-23;Silver
C0017;Customer 17;Male;55;Jakarta;2023-11-26;Platinum
C0018;Customer 18;Male;22;Surabaya;2023-12-13;Platinum
C0019;Customer 19;Male;55;Surabaya;2024-02-26;Platinum
C0020;Customer 20;Female;26;Semarang;2023-10-27;Platinum
C0021;Customer 21;Female;31;Jakarta;2023-06-27;Gold
C0022;Customer 22;Female;38;Medan;2024-10-30;Gold
C0023;Customer 23;Female;40;Semarang;2023-08-23;Platinum
C0024;Customer 24;Male;49;Semarang;2024-05-20;Platinum
C0025;Customer 25;Male;51;Medan;2024-02-08;Platinum
C0026;Customer 26;Male;28;Surabaya;2024-07-26;Platinum
C0027;Customer 27;Female;48;Bandung;2024-01-13;Gold
C0028;Customer 28;Female;32;Bandung;2024-11-17;Platinum
C0029;Customer 29;Female;25;Surabaya;2023-01-09;Platinum
C0030;Customer 30;Male;36;Medan;2024-09-18;Silver
C0031;Customer 31;Male;59;Semarang;2024-09-23;Gold
C0032;Customer 32;Male;35;Semarang;2023-07-31;Gold
C0033;Customer 33;Male;27;Semarang;2024-10-08;Gold
C0034;Customer 34;Male;48;Surabaya;2023-04-08;Platinum
C0035;Customer 35;Female;45;Jakarta;2023-11-17;Gold
C0036;Customer 36;Male;48;Bandung;2023-04-23;Silver
C0037;Customer 37;Male;23;Semarang;2023-06-27;Silver
C0038;Customer 38;Female;21;Jakarta;2024-02-25;Platinum
C0039;Customer 39;Female;49;Bandung;2024-02-06;Gold
C0040;Customer 40;Male;58;Bandung;2023-06-30;Gold
C0041;Customer 41;Female;56;Jakarta;2024-07-17;Silver
C0042;Customer 42;Male;23;Jakarta;2023-05-27;Platinum
C0043;Customer 43;Male;43;Bandung;2023-08-24;Platinum
C0044;Customer 44;Female;55;Bandung;2024-10-07;Silver
C0045;Customer 45;Male;27;Jakarta;2023-03-27;Platinum
C0046;Customer 46;Female;24;Semarang;2024-10-17;Gold
C0047;Customer 47;Male;52;Jakarta;2023-01-01;Platinum
C0048;Customer 48;Male;45;Jakarta;2023-11-04;Silver
C0049;Customer 49;Female;24;Bandung;2024-09-08;Platinum
C0050;Customer 50;Male;47;Jakarta;2023-11-07;Gold
C0051;Customer 51;Female;22;Bandung;2023-09-28;Gold
C0052;Customer 52;Female;21;Jakarta;2024-09-22;Platinum
C0053;Customer 53;Female;57;Semarang;2023-09-16;Gold
C0054;Customer 54;Male;57;Medan;2024-04-06;Gold
C0055;Customer 55;Male;50;Medan;2024-05-06;Silver
C0056;Customer 56;Female;46;Surabaya;2023-04-20;Gold
C0057;Customer 57;Female;41;Surabaya;2024-03-30;Platinum
C0058;Customer 58;Male;20;Bandung;2024-02-21;Platinum
C0059;Customer 59;Male;59;Medan;2023-03-09;Gold
C0060;Customer 60;Female;28;Jakarta;2024-08-20;Platinum
C0061;Customer 61;Female;46;Medan;2024-10-15;Silver
C0062;Customer 62;Female;45;Bandung;2023-02-01;Gold
C0063;Customer 63;Female;49;Medan;2023-06-11;Gold
C0064;Customer 64;Female;60;Medan;2024-05-05;Silver
C0065;Customer 65;Male;32;Bandung;2023-10-16;Silver
C0066;Customer 66;Male;56;Semarang;2024-01-07;Gold
C0067;Customer 67;Female;20;Medan;2024-01-30;Gold
C0068;Customer 68;Male;37;Jakarta;2023-05-16;Silver
C0069;Customer 69;Female;41;Semarang;2024-08-07;Gold
C0070;Customer 70;Female;33;Semarang;2023-10-19;Silver
C0071;Customer 71;Female;20;Jakarta;2024-02-08;Silver
C0072;Customer 72;Male;58;Surabaya;2024-11-06;Platinum
C0073;Customer 73;Female;49;Jakarta;2023-03-21;Gold
C0074;Customer 74;Female;27;Medan;2024-11-18;Gold
C0075;Customer 75;Male;59;Medan;2024-02-14;Platinum
C0076;Customer 76;Male;51;Jakarta;2023-05-25;Silver
C0077;Customer 77;Male;42;Jakarta;2024-01-29;Platinum
C0078;Customer 78;Female;37;Jakarta;2023-03-30;Silver
C0079;Customer 79;Female;36;Medan;2024-11-07;Silver
C0080;Customer 80;Male;60;Semarang;2023-08-03;Silver
C0081;Customer 81;Male;47;Bandung;2023-09-06;Silver
C0082;Customer 82;Male;24;Medan;2023-05-02;Platinum
C0083;Customer 83;Male;19;Medan;2023-07-07;Gold
C0084;Customer 84;Female;42;Medan;2023-01-20;Silver
C0085;Customer 85;Female;33;Jakarta;2024-02-05;Silver
C0086;Customer 86;Female;33;Medan;2024-10-24;Platinum
C0087;Customer 87;Female;45;Semarang;2023-01-09;Silver
C0088;Customer 88;Female;55;Jakarta;2024-10-15;Platinum
C0089;Customer 89;Male;27;Surabaya;2023-06-29;Silver
C0090;Customer 90;Female;57;Surabaya;2024-08-23;Silver
C0091;Customer 91;Female;54;Surabaya;2024-01-02;Silver
C0092;Customer 92;Male;49;Surabaya;2023-04-16;Platinum
C0093;Customer 93;Male;44;Surabaya;2024-12-29;Gold
C0094;Customer 94;Male;24;Surabaya;2024-05-23;Platinum
C0095;Customer 95;Female;52;Medan;2024-08-10;Platinum
C0096;Customer 96;Male;37;Surabaya;2024-12-24;Platinum
C0097;Customer 97;Female;21;Surabaya;2023-11-25;Gold
C0098;Customer 98;Male;48;Jakarta;2023-05-24;Gold
C0099;Customer 99;Female;24;Medan;2023-09-24;Gold
C0100;Customer 100;Female;44;Medan;2023-06-24;Platinum
C0101;Customer 101;Female;58;Surabaya;2023-03-13;Gold
C0102;Customer 102;Male;35;Semarang;2023-08-25;Gold
C0103;Customer 103;Female;30;Jakarta;2024-01-27;Silver
C0104;Customer 104;Female;43;Medan;2024-04-07;Platinum
C0105;Customer 105;Male;47;Medan;2023-09-29;Platinum
C0106;Customer 106;Male;31;Jakarta;2023-12-03;Silver
C0107;Customer 107;Female;53;Bandung;2024-02-28;Silver
C0108;Customer 108;Male;53;Surabaya;2024-04-13;Gold
C0109;Customer 109;Male;35;Surabaya;2023-09-27;Platinum
C0110;Customer 110;Female;33;Surabaya;2023-10-13;Platinum
C0111;Customer 111;Male;55;Medan;2023-08-23;Gold
C0112;Customer 112;Female;48;Medan;2024-07-02;Platinum
C0113;Customer 113;Female;18;Medan;2023-09-16;Gold
C0114;Customer 114;Female;23;Medan;2023-07-03;Silver
C0115;Customer 115;Male;54;Bandung;2024-04-27;Platinum
C0116;Customer 116;Male;52;Semarang;2024-06-13;Platinum
C0117;Customer 117;Male;51;Bandung;2024-03-21;Platinum
C0118;Customer 118;Male;47;Bandung;2024-08-28;Gold
C0119;Customer 119;Female;52;Semarang;2023-11-21;Platinum
C0120;Customer 120;Female;22;Surabaya;2024-02-19;Silver
C0121;Customer 121;Male;47;Semarang;2024-03-17;Platinum
C0122;Customer 122;Female;36;Jakarta;2024-10-16;Platinum
C0123;Customer 123;Male;33;Medan;2023-01-16;Silver
C0124;Customer 124;Female;25;Jakarta;2024-01-24;Platinum
C0125;Customer 125;Female;29;Semarang;2024-03-12;Gold
C0126;Customer 126;Female;53;Semarang;2023-03-02;Gold
C0127;Customer 127;Male;60;Semarang;2024-06-03;Silver
C0128;Customer 128;Female;60;Jakarta;2023-03-12;Silver
C0129;Customer 129;Female;44;Surabaya;2024-07-25;Gold
C0130;Customer 130;Male;27;Semarang;2023-04-06;Gold
C0131;Customer 131;Female;47;Semarang;2024-06-15;Silver
C0132;Customer 132;Female;50;Medan;2024-11-09;Platinum
C0133;Customer 133;Female;44;Surabaya;2023-11-18;Gold
C0134;Customer 134;Male;45;Bandung;2024-09-04;Gold
C0135;Customer 135;Male;32;Semarang;2024-09-26;Platinum
C0136;Customer 136;Male;47;Jakarta;2024-12-09;Silver
C0137;Customer 137;Female;29;Medan;2024-09-25;Platinum
C0138;Customer 138;Female;54;Jakarta;2024-04-06;Gold
C0139;Customer 139;Female;24;Surabaya;2023-08-27;Platinum
C0140;Customer 140;Female;37;Jakarta;2024-04-21;Gold
C0141;Customer 141;Female;18;Bandung;2024-01-23;Silver
C0142;Customer 142;Female;39;Jakarta;2024-10-09;Platinum
C0143;Customer 143;Female;48;Bandung;2024-05-05;Silver
C0144;Customer 144;Female;36;Bandung;2023-08-28;Gold
C0145;Customer 145;Male;50;Bandung;2023-05-02;Silver
C0146;Customer 146;Female;53;Jakarta;2023-01-06;Gold
C0147;Customer 147;Female;32;Jakarta;2024-09-02;Gold
C0148;Customer 148;Male;40;Bandung;2023-05-21;Platinum
C0149;Customer 149;Female;18;Surabaya;2023-06-13;Silver
C0150;Customer 150;Female;46;Surabaya;2023-10-11;Platinum
C0151;Customer 151;Female;43;Semarang;2024-01-04;Platinum
C0152;Customer 152;Female;43;Jakarta;2023-11-06;Silver
C0153;Customer 153;Female;24;Medan;2024-06-16;Platinum
C0154;Customer 154;Female;49;Bandung;2024-09-09;Silver
C0155;Customer 155;Female;60;Medan;2024-07-25;Platinum
C0156;Customer 156;Male;25;Bandung;2023-09-05;Silver
C0157;Customer 157;Female;45;Jakarta;2024-08-20;Platinum
C0158;Customer 158;Female;42;Semarang;2024-03-14;Silver
C0159;Customer 159;Female;58;Bandung;2024-12-23;Silver
C0160;Customer 160;Female;51;Jakarta;2023-06-09;Platinum
C0161;Customer 161;Male;57;Surabaya;2023-04-12;Silver
C0162;Customer 162;Female;50;Jakarta;2023-12-25;Silver
C0163;Customer 163;Male;28;Bandung;2023-06-01;Silver
C0164;Customer 164;Male;44;Medan;2024-08-01;Platinum
C0165;Customer 165;Female;30;Bandung;2023-08-24;Silver
C0166;Customer 166;Male;50;Jakarta;2024-02-28;Silver
C0167;Customer 167;Male;27;Medan;2024-05-23;Gold
C0168;Customer 168;Male;44;Bandung;2023-12-14;Silver
C0169;Customer 169;Female;43;Surabaya;2023-09-05;Gold
C0170;Customer 170;Female;39;Semarang;2023-07-12;Platinum
C0171;Customer 171;Male;26;Semarang;2023-10-01;Platinum
C0172;Customer 172;Female;30;Bandung;2024-10-25;Silver
C0173;Customer 173;Male;42;Medan;2023-12-12;Platinum
C0174;Customer 174;Female;25;Surabaya;2024-06-25;Silver
C0175;Customer 175;Female;60;Medan;2023-07-26;Gold
C0176;Customer 176;Male;43;Semarang;2024-03-22;Silver
C0177;Customer 177;Female;30;Semarang;2024-08-26;Silver
C0178;Customer 178;Female;24;Medan;2024-02-07;Silver
C0179;Customer 179;Male;46;Surabaya;2023-08-17;Gold
C0180;Customer 180;Female;39;Bandung;2024-12-16;Silver
C0181;Customer 181;Female;22;Bandung;2023-11-14;Silver
C0182;Customer 182;Female;37;Semarang;2023-11-05;Silver
C0183;Customer 183;Male;20;Medan;2023-04-04;Gold
C0184;Customer 184;Female;50;Bandung;2024-05-06;Silver
C0185;Customer 185;Female;27;Surabaya;2024-04-25;Silver
C0186;Customer 186;Male;43;Jakarta;2023-04-28;Silver
C0187;Customer 187;Female;29;Jakarta;2024-08-29;Gold
C0188;Customer 188;Female;55;Jakarta;2024-02-16;Platinum
C0189;Customer 189;Male;44;Semarang;2023-04-30;Platinum
C0190;Customer 190;Male;29;Surabaya;2023-04-01;Gold
C0191;Customer 191;Male;52;Medan;2024-11-14;Silver
C0192;Customer 192;Female;59;Bandung;2023-12-25;Platinum
C0193;Customer 193;Female;51;Semarang;2024-10-24;Gold
C0194;Customer 194;Male;38;Surabaya;2024-03-19;Silver
C0195;Customer 195;Male;39;Medan;2023-06-05;Gold
C0196;Customer 196;Female;47;Medan;2024-03-26;Platinum
C0197;Customer 197;Male;46;Surabaya;2024-11-14;Gold
C0198;Customer 198;Male;45;Bandung;2024-05-27;Platinum
C0199;Customer 199;Male;21;Jakarta;2024-08-09;Silver
C0200;Customer 200;Male;32;Semarang;2023-06-16;Platinum
C0201;Customer 201;Female;45;Bandung;2023-05-30;Platinum
C0202;Customer 202;Female;40;Surabaya;2023-10-08;Silver
C0203;Customer 203;Female;54;Jakarta;2023-10-13;Platinum
C0204;Customer 204;Male;56;Jakarta;2024-11-27;Silver
C0205;Customer 205;Male;35;Medan;2023-12-19;Gold
C0206;Customer 206;Female;23;Bandung;2024-04-09;Platinum
C0207;Customer 207;Female;36;Jakarta;2024-07-18;Platinum
C0208;Customer 208;Male;60;Semarang;2024-12-14;Platinum
C0209;Customer 209;Male;60;Medan;2023-03-21;Gold
C0210;Customer 210;Female;31;Bandung;2024-02-08;Gold
C0211;Customer 211;Female;54;Semarang;2023-10-15;Platinum
C0212;Customer 212;Female;33;Medan;2024-12-26;Gold
C0213;Customer 213;Male;41;Bandung;2023-03-02;Gold
C0214;Customer 214;Male;41;Bandung;2023-08-18;Platinum
C0215;Customer 215;Female;21;Semarang;2024-01-10;Platinum
C0216;Customer 216;Female;33;Jakarta;2023-11-20;Platinum
C0217;Customer 217;Male;60;Surabaya;2024-04-15;Platinum
C0218;Customer 218;Male;50;Surabaya;2024-03-12;Platinum
C0219;Customer 219;Male;52;Semarang;2024-03-22;Gold
C0220;Customer 220;Female;48;Surabaya;2024-06-25;Platinum
C0221;Customer 221;Female;43;Jakarta;2023-08-10;Silver
C0222;Customer 222;Female;60;Jakarta;2024-04-22;Platinum
C0223;Customer 223;Male;26;Surabaya;2023-08-09;Silver
C0224;Customer 224;Female;44;Jakarta;2024-06-30;Platinum
C0225;Customer 225;Female;20;Bandung;2023-10-23;Gold
C0226;Customer 226;Male;55;Jakarta;2024-03-30;Gold
C0227;Customer 227;Female;46;Bandung;2024-12-14;Gold
C0228;Customer 228;Male;59;Jakarta;2024-05-31;Platinum
C0229;Customer 229;Male;50;Semarang;2023-03-29;Silver
C0230;Customer 230;Male;47;Surabaya;2024-08-12;Silver
C0231;Customer 231;Male;45;Jakarta;2023-08-09;Silver
C0232;Customer 232;Male;37;Bandung;2024-11-23;Platinum
C0233;Customer 233;Male;41;Medan;2024-02-21;Platinum
C0234;Customer 234;Female;42;Jakarta;2023-11-27;Silver
C0235;Customer 235;Female;19;Medan;2024-03-23;Platinum
C0236;Customer 236;Female;44;Bandung;2024-01-16;Gold
C0237;Customer 237;Female;37;Surabaya;2023-09-28;Platinum
C0238;Customer 238;Male;33;Medan;2024-04-21;Platinum
C0239;Customer 239;Male;18;Medan;2023-08-05;Silver
C0240;Customer 240;Female;57;Medan;2024-01-20;Gold
C0241;Customer 241;Female;57;Surabaya;2023-09-20;Platinum
C0242;Customer 242;Female;59;Semarang;2024-02-03;Platinum
C0243;Customer 243;Female;35;Medan;2024-08-14;Platinum
C0244;Customer 244;Female;47;Jakarta;2024-06-09;Silver
C0245;Customer 245;Male;49;Jakarta;2023-08-17;Platinum
C0246;Customer 246;Male;54;Jakarta;2023-09-08;Platinum
C0247;Customer 247;Male;55;Medan;2024-08-06;Silver
C0248;Customer 248;Female;19;Bandung;2023-09-29;Silver
C0249;Customer 249;Male;53;Medan;2023-05-10;Platinum
C0250;Customer 250;Female;55;Medan;2023-08-29;Silver
C0251;Customer 251;Female;20;Medan;2024-09-08;Platinum
C0252;Customer 252;Female;27;Surabaya;2023-03-12;Platinum
C0253;Customer 253;Female;59;Medan;2023-08-14;Gold
C0254;Customer 254;Male;45;Semarang;2024-07-05;Gold
C0255;Customer 255;Male;42;Surabaya;2023-07-07;Silver
C0256;Customer 256;Male;50;Medan;2024-11-25;Silver
C0257;Customer 257;Female;34;Surabaya;2023-10-25;Platinum
C0258;Customer 258;Female;32;Bandung;2023-12-06;Gold
C0259;Customer 259;Male;30;Medan;2023-02-15;Gold
C0260;Customer 260;Male;54;Semarang;2023-09-22;Silver
C0261;Customer 261;Male;33;Medan;2023-07-29;Platinum
C0262;Customer 262;Male;52;Medan;2023-12-24;Gold
C0263;Customer 263;Male;30;Bandung;2024-08-08;Gold
C0264;Customer 264;Female;22;Medan;2024-10-22;Platinum
C0265;Customer 265;Male;55;Bandung;2024-04-02;Gold
C0266;Customer 266;Female;25;Bandung;2024-01-11;Silver
C0267;Customer 267;Female;44;Bandung;2023-08-30;Platinum
C0268;Customer 268;Male;30;Jakarta;2023-05-28;Silver
C0269;Customer 269;Male;44;Jakarta;2024-04-01;Silver
C0270;Customer 270;Male;55;Jakarta;2024-05-04;Platinum
C0271;Customer 271;Male;52;Bandung;2024-12-29;Platinum
C0272;Customer 272;Female;28;Medan;2023-03-04;Silver
C0273;Customer 273;Male;59;Jakarta;2024-02-13;Gold
C0274;Customer 274;Female;56;Medan;2024-07-10;Silver
C0275;Customer 275;Female;57;Bandung;2023-04-22;Platinum
C0276;Customer 276;Male;55;Jakarta;2023-07-17;Gold
C0277;Customer 277;Male;45;Bandung;2024-02-15;Silver
C0278;Customer 278;Female;37;Jakarta;2024-12-27;Gold
C0279;Customer 279;Female;38;Semarang;2024-11-27;Gold
C0280;Customer 280;Female;59;Surabaya;2023-03-08;Silver
C0281;Customer 281;Male;20;Surabaya;2024-07-24;Silver
C0282;Customer 282;Female;21;Semarang;2023-01-13;Gold
C0283;Customer 283;Male;40;Bandung;2023-10-14;Gold
C0284;Customer 284;Female;37;Bandung;2024-12-21;Platinum
C0285;Customer 285;Female;52;Semarang;2024-03-30;Silver
C0286;Customer 286;Female;22;Bandung;2023-09-02;Silver
C0287;Customer 287;Female;19;Medan;2024-06-16;Silver
C0288;Customer 288;Male;24;Surabaya;2023-12-29;Gold
C0289;Customer 289;Male;46;Semarang;2024-10-17;Platinum
C0290;Customer 290;Female;43;Surabaya;2024-03-01;Platinum
C0291;Customer 291;Female;38;Semarang;2023-03-03;Silver
C0292;Customer 292;Female;45;Semarang;2023-03-30;Platinum
C0293;Customer 293;Female;42;Bandung;2024-05-30;Silver
C0294;Customer 294;Male;47;Bandung;2023-08-09;Gold
C0295;Customer 295;Male;55;Semarang;2023-01-07;Silver
C0296;Customer 296;Female;59;Medan;2023-11-12;Silver
C0297;Customer 297;Male;45;Surabaya;2024-06-12;Platinum
C0298;Customer 298;Male;54;Semarang;2024-11-17;Silver
C0299;Customer 299;Female;41;Surabaya;2023-07-03;Silver
C0300;Customer 300;Male;58;Semarang;2024-03-16;Gold
C0301;Customer 301;Male;55;Bandung;2023-04-15;Gold
C0302;Customer 302;Female;59;Surabaya;2024-10-19;Platinum
C0303;Customer 303;Male;56;Bandung;2024-11-09;Silver
C0304;Customer 304;Female;42;Jakarta;2023-07-04;Silver
C0305;Customer 305;Female;44;Bandung;2024-08-11;Platinum
C0306;Customer 306;Female;57;Jakarta;2024-12-22;Platinum
C0307;Customer 307;Male;48;Medan;2023-03-24;Silver
C0308;Customer 308;Female;37;Medan;2024-03-22;Silver
C0309;Customer 309;Female;22;Jakarta;2024-09-01;Gold
C0310;Customer 310;Male;35;Surabaya;2023-03-01;Gold
C0311;Customer 311;Female;32;Semarang;2023-06-02;Gold
C0312;Customer 312;Female;60;Medan;2024-03-17;Silver
C0313;Customer 313;Male;36;Surabaya;2024-12-02;Platinum
C0314;Customer 314;Male;53;Medan;2024-10-31;Silver
C0315;Customer 315;Female;60;Semarang;2023-03-07;Silver
C0316;Customer 316;Male;56;Semarang;2023-11-18;Gold
C0317;Customer 317;Male;28;Bandung;2023-06-30;Platinum
C0318;Customer 318;Male;30;Medan;2023-07-18;Gold
C0319;Customer 319;Male;37;Surabaya;2023-09-24;Gold
C0320;Customer 320;Male;26;Surabaya;2023-09-13;Silver
C0321;Customer 321;Male;43;Medan;2023-03-22;Platinum
C0322;Customer 322;Female;22;Surabaya;2023-04-23;Platinum
C0323;Customer 323;Female;25;Bandung;2024-02-07;Silver
C0324;Customer 324;Male;49;Bandung;2023-09-22;Platinum
C0325;Customer 325;Male;35;Bandung;2023-03-27;Silver
C0326;Customer 326;Female;53;Semarang;2023-01-18;Platinum
C0327;Customer 327;Male;40;Surabaya;2024-03-03;Platinum
C0328;Customer 328;Male;34;Surabaya;2023-04-10;Gold
C0329;Customer 329;Male;50;Surabaya;2023-06-21;Silver
C0330;Customer 330;Male;38;Medan;2024-03-20;Platinum
C0331;Customer 331;Male;38;Surabaya;2023-07-29;Gold
C0332;Customer 332;Male;18;Semarang;2024-10-18;Platinum
C0333;Customer 333;Female;42;Bandung;2024-05-13;Platinum
C0334;Customer 334;Male;45;Surabaya;2024-03-22;Silver
C0335;Customer 335;Female;36;Surabaya;2024-03-23;Gold
C0336;Customer 336;Male;49;Jakarta;2023-08-16;Platinum
C0337;Customer 337;Female;40;Medan;2023-08-10;Gold
C0338;Customer 338;Female;56;Bandung;2023-10-23;Silver
C0339;Customer 339;Male;22;Semarang;2024-11-14;Silver
C0340;Customer 340;Male;32;Surabaya;2024-08-19;Silver
C0341;Customer 341;Male;60;Bandung;2024-10-27;Silver
C0342;Customer 342;Female;36;Surabaya;2023-11-22;Gold
C0343;Customer 343;Male;21;Jakarta;2023-10-17;Gold
C0344;Customer 344;Male;27;Semarang;2024-05-14;Gold
C0345;Customer 345;Male;49;Bandung;2024-09-07;Gold
C0346;Customer 346;Male;20;Surabaya;2024-09-04;Platinum
C0347;Customer 347;Male;59;Bandung;2024-09-16;Silver
C0348;Customer 348;Female;19;Medan;2023-10-09;Silver
C0349;Customer 349;Female;42;Semarang;2024-06-26;Silver
C0350;Customer 350;Male;53;Surabaya;2024-12-30;Platinum
C0351;Customer 351;Male;43;Bandung;2024-10-08;Silver
C0352;Customer 352;Male;38;Bandung;2024-05-22;Gold
C0353;Customer 353;Male;59;Medan;2024-08-13;Platinum
C0354;Customer 354;Female;28;Bandung;2023-08-26;Platinum
C0355;Customer 355;Male;40;Semarang;2023-12-24;Silver
C0356;Customer 356;Female;49;Jakarta;2024-03-25;Gold
C0357;Customer 357;Female;57;Semarang;2024-03-06;Gold
C0358;Customer 358;Male;45;Semarang;2024-04-16;Silver
C0359;Customer 359;Female;51;Semarang;2024-04-04;Platinum
C0360;Customer 360;Female;59;Bandung;2024-06-24;Silver
C0361;Customer 361;Male;35;Surabaya;2023-06-14;Platinum
C0362;Customer 362;Male;38;Jakarta;2023-06-06;Silver
C0363;Customer 363;Female;25;Surabaya;2023-07-03;Silver
C0364;Customer 364;Female;55;Jakarta;2023-08-02;Gold
C0365;Customer 365;Female;59;Jakarta;2024-12-06;Gold
C0366;Customer 366;Female;43;Medan;2023-12-26;Platinum
C0367;Customer 367;Male;44;Bandung;2024-01-19;Platinum
C0368;Customer 368;Male;32;Bandung;2024-03-28;Platinum
C0369;Customer 369;Female;35;Semarang;2024-05-03;Silver
C0370;Customer 370;Male;55;Medan;2024-07-27;Platinum
C0371;Customer 371;Female;51;Semarang;2024-01-30;Platinum
C0372;Customer 372;Female;58;Semarang;2023-03-26;Gold
C0373;Customer 373;Male;44;Medan;2024-07-04;Gold
C0374;Customer 374;Female;35;Jakarta;2023-12-10;Gold
C0375;Customer 375;Female;28;Semarang;2023-01-29;Silver
C0376;Customer 376;Female;49;Jakarta;2023-06-25;Platinum
C0377;Customer 377;Male;28;Semarang;2024-04-17;Silver
C0378;Customer 378;Male;41;Surabaya;2023-01-10;Platinum
C0379;Customer 379;Female;40;Semarang;2024-01-10;Silver
C0380;Customer 380;Male;59;Surabaya;2023-07-05;Platinum
C0381;Customer 381;Male;32;Surabaya;2023-03-03;Silver
C0382;Customer 382;Male;42;Jakarta;2024-10-03;Platinum
C0383;Customer 383;Female;59;Semarang;2024-12-27;Platinum
C0384;Customer 384;Female;40;Semarang;2023-04-06;Platinum
C0385;Customer 385;Male;39;Surabaya;2023-11-17;Gold
C0386;Customer 386;Female;26;Semarang;2023-07-31;Silver
C0387;Customer 387;Male;41;Medan;2023-02-23;Silver
C0388;Customer 388;Female;28;Semarang;2024-02-04;Gold
C0389;Customer 389;Female;44;Surabaya;2023-10-30;Silver
C0390;Customer 390;Female;59;Surabaya;2023-06-17;Silver
C0391;Customer 391;Female;49;Semarang;2024-09-26;Silver
C0392;Customer 392;Male;45;Semarang;2023-08-17;Silver
C0393;Customer 393;Female;42;Medan;2023-07-30;Silver
C0394;Customer 394;Female;51;Semarang;2024-07-16;Gold
C0395;Customer 395;Male;34;Medan;2023-11-25;Silver
C0396;Customer 396;Male;55;Jakarta;2024-08-15;Platinum
C0397;Customer 397;Male;23;Semarang;2023-04-01;Platinum
C0398;Customer 398;Male;46;Jakarta;2023-08-29;Platinum
C0399;Customer 399;Male;42;Surabaya;2024-01-29;Platinum
C0400;Customer 400;Female;56;Semarang;2024-09-25;Silver
C0401;Customer 401;Male;46;Surabaya;2024-10-17;Gold
C0402;Customer 402;Female;26;Medan;2023-10-05;Silver
C0403;Customer 403;Male;47;Bandung;2024-08-05;Gold
C0404;Customer 404;Male;51;Surabaya;2023-01-28;Silver
C0405;Customer 405;Male;55;Surabaya;2023-09-17;Silver
C0406;Customer 406;Female;28;Medan;2024-11-20;Gold
C0407;Customer 407;Female;50;Semarang;2024-03-26;Platinum
C0408;Customer 408;Female;49;Surabaya;2024-12-12;Platinum
C0409;Customer 409;Male;20;Jakarta;2024-08-11;Platinum
C0410;Customer 410;Female;56;Medan;2024-02-23;Platinum
C0411;Customer 411;Male;55;Medan;2024-03-25;Silver
C0412;Customer 412;Male;56;Jakarta;2023-03-14;Platinum
C0413;Customer 413;Male;48;Surabaya;2024-06-23;Gold
C0414;Customer 414;Female;25;Surabaya;2023-12-05;Silver
C0415;Customer 415;Male;51;Semarang;2024-10-22;Platinum
C0416;Customer 416;Female;59;Surabaya;2024-08-23;Gold
C0417;Customer 417;Male;40;Bandung;2023-11-16;Platinum
C0418;Customer 418;Female;41;Surabaya;2023-11-24;Platinum
C0419;Customer 419;Male;38;Medan;2023-01-28;Platinum
C0420;Customer 420;Female;23;Medan;2023-09-16;Platinum
C0421;Customer 421;Female;57;Surabaya;2024-05-11;Silver
C0422;Customer 422;Male;53;Medan;2024-01-17;Platinum
C0423;Customer 423;Female;50;Jakarta;2024-01-21;Silver
C0424;Customer 424;Female;23;Jakarta;2024-02-01;Silver
C0425;Customer 425;Male;28;Surabaya;2024-08-12;Silver
C0426;Customer 426;Female;49;Semarang;2023-10-19;Platinum
C0427;Customer 427;Male;47;Medan;2024-03-01;Platinum
C0428;Customer 428;Male;44;Semarang;2024-10-14;Platinum
C0429;Customer 429;Female;34;Semarang;2023-10-14;Gold
C0430;Customer 430;Male;22;Surabaya;2023-05-02;Silver
C0431;Customer 431;Female;39;Jakarta;2023-05-04;Silver
C0432;Customer 432;Female;28;Semarang;2023-05-29;Platinum
C0433;Customer 433;Female;57;Medan;2023-02-12;Gold
C0434;Customer 434;Male;20;Surabaya;2023-11-16;Platinum
C0435;Customer 435;Male;23;Medan;2024-01-17;Platinum
C0436;Customer 436;Male;26;Surabaya;2024-08-11;Gold
C0437;Customer 437;Male;18;Medan;2023-08-29;Silver
C0438;Customer 438;Female;31;Bandung;2023-04-21;Platinum
C0439;Customer 439;Male;58;Medan;2024-03-21;Platinum
C0440;Customer 440;Female;35;Surabaya;2023-10-17;Silver
C0441;Customer 441;Female;34;Semarang;2023-01-23;Gold
C0442;Customer 442;Male;50;Jakarta;2023-12-09;Gold
C0443;Customer 443;Female;53;Medan;2023-05-15;Gold
C0444;Customer 444;Male;41;Bandung;2024-07-02;Silver
C0445;Customer 445;Female;43;Jakarta;2023-10-10;Gold
C0446;Customer 446;Female;60;Medan;2023-09-29;Silver
C0447;Customer 447;Male;44;Bandung;2023-01-12;Gold
C0448;Customer 448;Female;49;Jakarta;2024-04-27;Gold
C0449;Customer 449;Female;56;Bandung;2023-02-08;Silver
C0450;Customer 450;Female;44;Bandung;2024-09-19;Silver
C0451;Customer 451;Female;53;Jakarta;2024-08-09;Gold
C0452;Customer 452;Female;33;Semarang;2023-06-02;Platinum
C0453;Customer 453;Female;52;Surabaya;2024-12-21;Gold
C0454;Customer 454;Male;45;Medan;2024-07-11;Gold
C0455;Customer 455;Female;27;Jakarta;2023-10-14;Gold
C0456;Customer 456;Female;39;Bandung;2024-07-08;Platinum
C0457;Customer 457;Male;18;Medan;2024-01-15;Gold
C0458;Customer 458;Male;52;Semarang;2023-03-10;Silver
C0459;Customer 459;Female;52;Medan;2024-03-11;Gold
C0460;Customer 460;Female;57;Medan;2024-09-16;Gold
C0461;Customer 461;Male;46;Surabaya;2023-10-22;Platinum
C0462;Customer 462;Male;20;Jakarta;2024-12-07;Silver
C0463;Customer 463;Female;52;Bandung;2023-12-03;Platinum
C0464;Customer 464;Female;59;Jakarta;2023-06-28;Gold
C0465;Customer 465;Female;58;Medan;2024-09-25;Silver
C0466;Customer 466;Female;18;Bandung;2024-06-26;Gold
C0467;Customer 467;Male;28;Semarang;2023-05-22;Silver
C0468;Customer 468;Male;55;Medan;2024-07-09;Platinum
C0469;Customer 469;Female;50;Semarang;2024-01-14;Gold
C0470;Customer 470;Male;54;Bandung;2023-03-26;Silver
C0471;Customer 471;Male;55;Bandung;2023-08-30;Platinum
C0472;Customer 472;Male;34;Semarang;2023-11-02;Gold
C0473;Customer 473;Male;45;Bandung;2023-06-07;Gold
C0474;Customer 474;Female;59;Jakarta;2023-07-31;Gold
C0475;Customer 475;Female;58;Semarang;2024-04-04;Silver
C0476;Customer 476;Male;57;Semarang;2024-04-25;Gold
C0477;Customer 477;Male;52;Surabaya;2023-05-30;Platinum
C0478;Customer 478;Male;32;Semarang;2023-10-10;Silver
C0479;Customer 479;Male;48;Bandung;2023-12-14;Gold
C0480;Customer 480;Female;22;Semarang;2023-10-17;Gold
C0481;Customer 481;Male;37;Surabaya;2024-10-24;Platinum
C0482;Customer 482;Female;34;Medan;2024-09-02;Gold
C0483;Customer 483;Female;55;Medan;2024-06-06;Platinum
C0484;Customer 484;Male;60;Jakarta;2023-06-04;Silver
C0485;Customer 485;Female;24;Medan;2023-04-23;Gold
C0486;Customer 486;Female;27;Bandung;2024-06-04;Gold
C0487;Customer 487;Female;22;Jakarta;2024-06-07;Silver
C0488;Customer 488;Male;44;Bandung;2024-12-14;Gold
C0489;Customer 489;Male;19;Semarang;2023-09-02;Silver
C0490;Customer 490;Male;42;Surabaya;2023-02-02;Gold
C0491;Customer 491;Male;39;Medan;2023-02-25;Platinum
C0492;Customer 492;Female;19;Semarang;2023-10-06;Gold
C0493;Customer 493;Female;18;Jakarta;2023-09-15;Platinum
C0494;Customer 494;Female;41;Jakarta;2023-08-03;Silver
C0495;Customer 495;Female;39;Semarang;2023-04-17;Platinum
C0496;Customer 496;Female;32;Medan;2023-07-31;Silver
C0497;Customer 497;Male;58;Jakarta;2024-08-31;Platinum
C0498;Customer 498;Female;34;Bandung;2023-02-14;Platinum
C0499;Customer 499;Male;50;Jakarta;2023-09-08;Gold
C0500;Customer 500;Male;31;Bandung;2023-11-14;Silver
C0501;Customer 501;Male;52;Bandung;2024-08-28;Gold
C0502;Customer 502;Female;42;Bandung;2024-10-02;Gold
C0503;Customer 503;Female;36;Medan;2023-03-20;Gold
C0504;Customer 504;Male;53;Semarang;2024-03-28;Platinum
C0505;Customer 505;Female;21;Medan;2023-11-14;Silver
C0506;Customer 506;Female;34;Medan;2023-04-24;Silver
C0507;Customer 507;Female;27;Bandung;2024-07-05;Silver
C0508;Customer 508;Female;57;Surabaya;2024-06-19;Silver
C0509;Customer 509;Male;55;Jakarta;2023-05-14;Gold
C0510;Customer 510;Female;21;Bandung;2024-07-05;Gold
C0511;Customer 511;Male;19;Bandung;2024-07-05;Platinum
C0512;Customer 512;Male;19;Surabaya;2023-12-20;Silver
C0513;Customer 513;Female;25;Semarang;2023-10-20;Silver
C0514;Customer 514;Female;21;Bandung;2023-10-25;Platinum
C0515;Customer 515;Female;55;Jakarta;2024-02-24;Gold
C0516;Customer 516;Female;24;Medan;2024-11-29;Silver
C0517;Customer 517;Male;22;Bandung;2023-03-11;Platinum
C0518;Customer 518;Male;38;Surabaya;2024-07-30;Silver
C0519;Customer 519;Female;46;Surabaya;2023-07-17;Gold
C0520;Customer 520;Female;51;Medan;2024-11-17;Silver
C0521;Customer 521;Female;28;Medan;2023-11-04;Silver
C0522;Customer 522;Female;41;Surabaya;2023-02-02;Platinum
C0523;Customer 523;Female;25;Bandung;2023-08-10;Gold
C0524;Customer 524;Female;39;Medan;2023-10-14;Silver
C0525;Customer 525;Male;44;Medan;2023-03-19;Gold
C0526;Customer 526;Female;28;Semarang;2023-08-20;Silver
C0527;Customer 527;Male;22;Jakarta;2023-06-26;Silver
C0528;Customer 528;Female;31;Medan;2024-04-01;Platinum
C0529;Customer 529;Male;35;Jakarta;2023-10-12;Platinum
C0530;Customer 530;Male;46;Jakarta;2023-11-05;Platinum
C0531;Customer 531;Male;54;Jakarta;2024-09-16;Gold
C0532;Customer 532;Male;26;Medan;2024-01-22;Gold
C0533;Customer 533;Female;50;Jakarta;2023-10-21;Silver
C0534;Customer 534;Female;45;Medan;2023-01-07;Gold
C0535;Customer 535;Female;39;Medan;2024-11-26;Platinum
C0536;Customer 536;Male;55;Jakarta;2024-11-09;Platinum
C0537;Customer 537;Male;57;Jakarta;2024-10-02;Platinum
C0538;Customer 538;Male;37;Medan;2023-11-06;Silver
C0539;Customer 539;Female;59;Medan;2023-07-29;Gold
C0540;Customer 540;Female;20;Bandung;2023-04-29;Gold
C0541;Customer 541;Male;39;Bandung;2024-12-18;Platinum
C0542;Customer 542;Male;38;Jakarta;2023-02-21;Platinum
C0543;Customer 543;Male;36;Surabaya;2023-01-14;Platinum
C0544;Customer 544;Male;60;Bandung;2024-04-21;Silver
C0545;Customer 545;Male;19;Medan;2023-02-10;Gold
C0546;Customer 546;Female;34;Medan;2023-08-05;Gold
C0547;Customer 547;Female;30;Surabaya;2023-10-31;Gold
C0548;Customer 548;Female;34;Surabaya;2024-03-05;Silver
C0549;Customer 549;Female;53;Surabaya;2024-01-20;Platinum
C0550;Customer 550;Female;42;Surabaya;2024-07-21;Platinum
C0551;Customer 551;Male;48;Semarang;2024-10-21;Platinum
C0552;Customer 552;Male;50;Surabaya;2023-12-08;Gold
C0553;Customer 553;Female;33;Jakarta;2024-05-13;Gold
C0554;Customer 554;Female;40;Semarang;2024-07-30;Silver
C0555;Customer 555;Male;38;Bandung;2024-03-29;Silver
C0556;Customer 556;Male;27;Jakarta;2023-09-22;Silver
C0557;Customer 557;Male;54;Jakarta;2023-03-28;Platinum
C0558;Customer 558;Female;50;Surabaya;2023-07-29;Platinum
C0559;Customer 559;Male;50;Bandung;2023-02-18;Platinum
C0560;Customer 560;Female;35;Medan;2023-06-02;Gold
C0561;Customer 561;Female;22;Bandung;2023-01-04;Gold
C0562;Customer 562;Male;21;Jakarta;2023-03-07;Gold
C0563;Customer 563;Male;34;Surabaya;2023-12-16;Silver
C0564;Customer 564;Male;41;Jakarta;2023-06-24;Silver
C0565;Customer 565;Male;28;Medan;2024-09-11;Platinum
C0566;Customer 566;Female;32;Bandung;2024-09-28;Gold
C0567;Customer 567;Male;54;Semarang;2024-11-03;Platinum
C0568;Customer 568;Female;20;Surabaya;2024-02-12;Silver
C0569;Customer 569;Female;56;Medan;2024-09-25;Platinum
C0570;Customer 570;Female;58;Surabaya;2023-06-19;Platinum
C0571;Customer 571;Male;40;Medan;2023-10-31;Gold
C0572;Customer 572;Female;39;Jakarta;2024-08-29;Platinum
C0573;Customer 573;Female;47;Semarang;2024-10-21;Platinum
C0574;Customer 574;Male;51;Medan;2024-06-15;Silver
C0575;Customer 575;Female;30;Jakarta;2024-10-19;Gold
C0576;Customer 576;Male;23;Surabaya;2024-03-24;Platinum
C0577;Customer 577;Male;21;Medan;2024-07-21;Platinum
C0578;Customer 578;Male;27;Surabaya;2024-05-04;Gold
C0579;Customer 579;Female;27;Bandung;2023-03-29;Silver
C0580;Customer 580;Female;39;Bandung;2023-12-21;Platinum
C0581;Customer 581;Male;22;Medan;2024-07-15;Silver
C0582;Customer 582;Male;41;Medan;2024-01-16;Platinum
C0583;Customer 583;Male;43;Semarang;2023-06-26;Platinum
C0584;Customer 584;Female;37;Semarang;2024-01-02;Gold
C0585;Customer 585;Male;58;Jakarta;2023-10-17;Gold
C0586;Customer 586;Male;33;Surabaya;2024-09-14;Silver
C0587;Customer 587;Male;38;Jakarta;2024-05-31;Gold
C0588;Customer 588;Male;19;Medan;2024-05-06;Platinum
C0589;Customer 589;Male;54;Surabaya;2023-09-24;Platinum
C0590;Customer 590;Male;32;Semarang;2023-07-06;Silver
C0591;Customer 591;Male;58;Medan;2024-03-13;Gold
C0592;Customer 592;Male;53;Surabaya;2023-01-11;Platinum
C0593;Customer 593;Male;39;Medan;2023-02-10;Gold
C0594;Customer 594;Female;19;Bandung;2024-09-15;Silver
C0595;Customer 595;Male;27;Bandung;2023-09-18;Silver
C0596;Customer 596;Male;60;Semarang;2023-01-15;Platinum
C0597;Customer 597;Female;54;Jakarta;2023-05-19;Platinum
C0598;Customer 598;Male;26;Medan;2023-12-26;Platinum
C0599;Customer 599;Male;24;Bandung;2024-05-15;Silver
C0600;Customer 600;Male;47;Jakarta;2024-09-24;Silver
C0601;Customer 601;Male;42;Jakarta;2023-10-16;Platinum
C0602;Customer 602;Female;34;Surabaya;2024-01-30;Gold
C0603;Customer 603;Female;43;Bandung;2024-07-10;Platinum
C0604;Customer 604;Male;36;Jakarta;2024-01-30;Gold
C0605;Customer 605;Female;58;Semarang;2023-09-03;Platinum
C0606;Customer 606;Female;53;Surabaya;2023-04-21;Silver
C0607;Customer 607;Female;27;Medan;2023-03-09;Silver
C0608;Customer 608;Female;52;Semarang;2023-05-19;Platinum
C0609;Customer 609;Male;52;Medan;2024-12-29;Gold
C0610;Customer 610;Male;25;Jakarta;2023-07-09;Silver
C0611;Customer 611;Female;53;Bandung;2024-03-02;Gold
C0612;Customer 612;Female;58;Jakarta;2023-06-30;Platinum
C0613;Customer 613;Female;45;Semarang;2024-04-07;Platinum
C0614;Customer 614;Female;47;Medan;2024-05-07;Silver
C0615;Customer 615;Female;30;Medan;2023-03-17;Platinum
C0616;Customer 616;Male;25;Medan;2024-01-09;Gold
C0617;Customer 617;Female;19;Jakarta;2023-01-25;Silver
C0618;Customer 618;Female;45;Jakarta;2024-12-23;Silver
C0619;Customer 619;Male;53;Medan;2023-10-29;Silver
C0620;Customer 620;Male;46;Bandung;2024-09-23;Platinum
C0621;Customer 621;Female;33;Bandung;2023-05-27;Silver
C0622;Customer 622;Female;54;Semarang;2023-04-08;Silver
C0623;Customer 623;Male;50;Jakarta;2024-08-09;Platinum
C0624;Customer 624;Female;24;Surabaya;2023-01-30;Silver
C0625;Customer 625;Male;55;Bandung;2023-03-05;Gold
C0626;Customer 626;Male;40;Semarang;2023-08-01;Gold
C0627;Customer 627;Female;27;Jakarta;2024-03-07;Gold
C0628;Customer 628;Male;56;Bandung;2024-01-26;Gold
C0629;Customer 629;Male;41;Surabaya;2023-05-19;Platinum
C0630;Customer 630;Female;34;Semarang;2023-07-11;Gold
C0631;Customer 631;Female;23;Medan;2024-09-19;Platinum
C0632;Customer 632;Male;35;Semarang;2023-08-20;Silver
C0633;Customer 633;Female;44;Medan;2023-07-01;Silver
C0634;Customer 634;Male;19;Surabaya;2024-07-17;Platinum
C0635;Customer 635;Male;41;Semarang;2023-08-29;Gold
C0636;Customer 636;Female;59;Jakarta;2024-10-28;Gold
C0637;Customer 637;Female;55;Medan;2024-02-12;Gold
C0638;Customer 638;Male;59;Surabaya;2024-08-16;Platinum
C0639;Customer 639;Male;35;Bandung;2023-08-30;Silver
C0640;Customer 640;Male;39;Jakarta;2023-07-03;Silver
C0641;Customer 641;Male;51;Surabaya;2024-06-28;Silver
C0642;Customer 642;Male;55;Semarang;2024-05-08;Gold
C0643;Customer 643;Male;49;Semarang;2024-02-21;Platinum
C0644;Customer 644;Female;38;Semarang;2023-07-31;Silver
C0645;Customer 645;Female;41;Medan;2023-09-22;Gold
C0646;Customer 646;Female;31;Medan;2023-06-18;Platinum
C0647;Customer 647;Female;40;Medan;2023-02-08;Gold
C0648;Customer 648;Male;57;Surabaya;2024-06-29;Silver
C0649;Customer 649;Male;20;Medan;2023-02-07;Silver
C0650;Customer 650;Female;42;Semarang;2023-07-21;Gold
C0651;Customer 651;Female;60;Jakarta;2024-01-26;Platinum
C0652;Customer 652;Male;45;Surabaya;2024-04-05;Platinum
C0653;Customer 653;Male;19;Surabaya;2024-05-16;Gold
C0654;Customer 654;Female;45;Bandung;2023-12-23;Gold
C0655;Customer 655;Male;26;Semarang;2023-09-26;Gold
C0656;Customer 656;Male;38;Jakarta;2024-07-01;Silver
C0657;Customer 657;Female;42;Bandung;2024-05-26;Platinum
C0658;Customer 658;Male;39;Surabaya;2023-12-17;Silver
C0659;Customer 659;Female;23;Medan;2023-06-05;Silver
C0660;Customer 660;Male;43;Medan;2024-07-21;Gold
C0661;Customer 661;Male;27;Jakarta;2023-11-03;Platinum
C0662;Customer 662;Male;19;Surabaya;2023-09-19;Platinum
C0663;Customer 663;Female;18;Medan;2024-07-31;Platinum
C0664;Customer 664;Male;59;Medan;2023-01-12;Silver
C0665;Customer 665;Female;46;Semarang;2024-07-10;Silver
C0666;Customer 666;Male;37;Medan;2023-12-21;Silver
C0667;Customer 667;Male;49;Medan;2023-05-03;Silver
C0668;Customer 668;Female;37;Semarang;2023-08-06;Silver
C0669;Customer 669;Male;21;Semarang;2024-10-16;Silver
C0670;Customer 670;Female;52;Medan;2024-02-12;Gold
C0671;Customer 671;Female;44;Jakarta;2024-04-27;Platinum
C0672;Customer 672;Female;21;Jakarta;2024-08-21;Gold
C0673;Customer 673;Female;19;Semarang;2024-12-25;Gold
C0674;Customer 674;Female;31;Semarang;2024-06-26;Platinum
C0675;Customer 675;Male;26;Semarang;2024-01-12;Silver
C0676;Customer 676;Female;23;Bandung;2024-09-24;Gold
C0677;Customer 677;Female;21;Surabaya;2023-03-03;Platinum
C0678;Customer 678;Male;47;Surabaya;2023-02-18;Silver
C0679;Customer 679;Female;42;Surabaya;2023-02-27;Gold
C0680;Customer 680;Female;34;Surabaya;2023-01-15;Gold
C0681;Customer 681;Female;41;Medan;2024-07-30;Gold
C0682;Customer 682;Female;55;Surabaya;2023-10-12;Gold
C0683;Customer 683;Male;40;Semarang;2023-02-10;Platinum
C0684;Customer 684;Female;37;Medan;2024-07-11;Platinum
C0685;Customer 685;Female;44;Surabaya;2024-06-02;Platinum
C0686;Customer 686;Female;18;Jakarta;2024-05-19;Silver
C0687;Customer 687;Male;56;Medan;2024-09-28;Platinum
C0688;Customer 688;Male;52;Bandung;2024-02-21;Platinum
C0689;Customer 689;Male;39;Bandung;2023-03-07;Platinum
C0690;Customer 690;Male;18;Jakarta;2024-10-19;Gold
C0691;Customer 691;Female;37;Surabaya;2023-05-07;Platinum
C0692;Customer 692;Female;19;Surabaya;2024-05-29;Gold
C0693;Customer 693;Male;43;Bandung;2024-06-04;Platinum
C0694;Customer 694;Male;20;Medan;2024-03-12;Gold
C0695;Customer 695;Female;52;Semarang;2024-08-10;Silver
C0696;Customer 696;Male;24;Surabaya;2023-06-30;Silver
C0697;Customer 697;Female;53;Jakarta;2024-08-04;Gold
C0698;Customer 698;Male;21;Medan;2023-04-11;Silver
C0699;Customer 699;Male;43;Medan;2024-06-11;Platinum
C0700;Customer 700;Male;36;Semarang;2023-02-09;Silver
C0701;Customer 701;Female;20;Surabaya;2024-08-13;Gold
C0702;Customer 702;Male;31;Bandung;2024-06-03;Platinum
C0703;Customer 703;Female;40;Bandung;2024-12-28;Silver
C0704;Customer 704;Female;24;Bandung;2023-11-29;Silver
C0705;Customer 705;Male;36;Surabaya;2024-08-29;Silver
C0706;Customer 706;Male;51;Semarang;2023-04-25;Silver
C0707;Customer 707;Male;58;Bandung;2024-08-13;Gold
C0708;Customer 708;Male;21;Semarang;2024-04-28;Platinum
C0709;Customer 709;Male;50;Semarang;2024-10-18;Platinum
C0710;Customer 710;Male;22;Semarang;2024-10-14;Silver
C0711;Customer 711;Male;23;Surabaya;2023-03-04;Platinum
C0712;Customer 712;Female;53;Medan;2023-04-04;Gold
C0713;Customer 713;Female;31;Semarang;2024-11-21;Platinum
C0714;Customer 714;Female;39;Semarang;2023-05-29;Gold
C0715;Customer 715;Male;50;Bandung;2023-03-21;Gold
C0716;Customer 716;Male;52;Medan;2024-08-19;Gold
C0717;Customer 717;Female;48;Surabaya;2024-03-01;Platinum
C0718;Customer 718;Female;21;Surabaya;2024-01-30;Platinum
C0719;Customer 719;Male;24;Semarang;2023-08-19;Silver
C0720;Customer 720;Male;55;Bandung;2023-07-03;Silver
C0721;Customer 721;Male;51;Semarang;2023-03-29;Platinum
C0722;Customer 722;Male;48;Semarang;2023-10-08;Platinum
C0723;Customer 723;Male;48;Surabaya;2023-08-16;Silver
C0724;Customer 724;Male;54;Surabaya;2023-09-01;Silver
C0725;Customer 725;Male;40;Bandung;2023-10-14;Silver
C0726;Customer 726;Female;45;Surabaya;2024-01-06;Gold
C0727;Customer 727;Male;19;Jakarta;2023-09-15;Gold
C0728;Customer 728;Female;43;Jakarta;2023-09-23;Platinum
C0729;Customer 729;Male;37;Surabaya;2024-05-13;Silver
C0730;Customer 730;Male;51;Semarang;2024-04-25;Platinum
C0731;Customer 731;Male;52;Bandung;2023-03-16;Platinum
C0732;Customer 732;Female;59;Medan;2024-12-13;Platinum
C0733;Customer 733;Male;55;Surabaya;2024-12-19;Silver
C0734;Customer 734;Female;22;Surabaya;2023-11-03;Gold
C0735;Customer 735;Female;54;Jakarta;2024-01-17;Gold
C0736;Customer 736;Male;27;Surabaya;2024-12-31;Silver
C0737;Customer 737;Male;50;Bandung;2024-05-18;Silver
C0738;Customer 738;Female;56;Jakarta;2024-02-25;Gold
C0739;Customer 739;Male;53;Bandung;2023-10-15;Silver
C0740;Customer 740;Male;29;Bandung;2024-02-29;Platinum
C0741;Customer 741;Male;36;Surabaya;2024-02-14;Platinum
C0742;Customer 742;Female;44;Surabaya;2023-02-10;Gold
C0743;Customer 743;Male;26;Jakarta;2024-11-02;Platinum
C0744;Customer 744;Male;39;Medan;2023-10-30;Platinum
C0745;Customer 745;Male;40;Semarang;2024-04-12;Gold
C0746;Customer 746;Male;58;Bandung;2023-01-25;Gold
C0747;Customer 747;Male;52;Surabaya;2024-11-14;Gold
C0748;Customer 748;Male;22;Bandung;2023-02-20;Gold
C0749;Customer 749;Female;22;Jakarta;2024-06-17;Gold
C0750;Customer 750;Female;52;Surabaya;2024-03-18;Platinum
C0751;Customer 751;Female;55;Surabaya;2024-07-28;Gold
C0752;Customer 752;Male;59;Medan;2023-10-26;Gold
C0753;Customer 753;Female;22;Semarang;2024-09-01;Silver
C0754;Customer 754;Female;37;Semarang;2023-06-11;Platinum
C0755;Customer 755;Female;43;Medan;2023-09-30;Platinum
C0756;Customer 756;Male;59;Semarang;2024-12-11;Silver
C0757;Customer 757;Male;57;Surabaya;2023-02-09;Platinum
C0758;Customer 758;Female;24;Surabaya;2024-01-21;Silver
C0759;Customer 759;Male;55;Jakarta;2024-09-14;Silver
C0760;Customer 760;Male;45;Jakarta;2023-10-31;Gold
C0761;Customer 761;Female;57;Bandung;2024-05-13;Silver
C0762;Customer 762;Male;23;Semarang;2023-08-20;Silver
C0763;Customer 763;Female;50;Jakarta;2023-05-09;Silver
C0764;Customer 764;Female;60;Semarang;2023-09-07;Platinum
C0765;Customer 765;Male;22;Jakarta;2024-08-07;Platinum
C0766;Customer 766;Male;47;Bandung;2023-10-10;Silver
C0767;Customer 767;Male;58;Jakarta;2024-12-29;Platinum
C0768;Customer 768;Male;23;Bandung;2024-08-27;Gold
C0769;Customer 769;Male;30;Medan;2024-12-26;Platinum
C0770;Customer 770;Female;32;Medan;2023-01-22;Silver
C0771;Customer 771;Female;58;Semarang;2023-09-15;Platinum
C0772;Customer 772;Male;27;Jakarta;2024-11-22;Platinum
C0773;Customer 773;Female;34;Medan;2023-09-05;Platinum
C0774;Customer 774;Female;57;Bandung;2024-04-29;Silver
C0775;Customer 775;Male;44;Semarang;2024-03-16;Gold
C0776;Customer 776;Male;54;Jakarta;2023-04-13;Silver
C0777;Customer 777;Female;25;Surabaya;2024-06-28;Gold
C0778;Customer 778;Male;53;Medan;2024-01-11;Silver
C0779;Customer 779;Male;28;Medan;2023-11-27;Platinum
C0780;Customer 780;Female;45;Semarang;2024-05-10;Silver
C0781;Customer 781;Female;55;Bandung;2023-06-24;Silver
C0782;Customer 782;Male;49;Medan;2023-06-17;Silver
C0783;Customer 783;Female;46;Semarang;2024-01-03;Platinum
C0784;Customer 784;Female;42;Medan;2024-05-21;Platinum
C0785;Customer 785;Female;52;Medan;2024-02-28;Gold
C0786;Customer 786;Male;52;Jakarta;2024-04-10;Silver
C0787;Customer 787;Female;37;Medan;2024-04-30;Gold
C0788;Customer 788;Female;24;Medan;2023-06-28;Gold
C0789;Customer 789;Male;60;Jakarta;2023-07-13;Silver
C0790;Customer 790;Male;60;Medan;2024-05-02;Platinum
C0791;Customer 791;Male;34;Medan;2024-04-13;Platinum
C0792;Customer 792;Female;57;Surabaya;2024-01-01;Silver
C0793;Customer 793;Female;52;Medan;2024-01-19;Gold
C0794;Customer 794;Female;41;Jakarta;2024-08-04;Platinum
C0795;Customer 795;Male;24;Bandung;2023-08-19;Platinum
C0796;Customer 796;Female;50;Semarang;2024-07-24;Gold
C0797;Customer 797;Male;18;Surabaya;2024-06-28;Gold
C0798;Customer 798;Male;19;Surabaya;2024-10-10;Gold
C0799;Customer 799;Male;28;Jakarta;2024-01-03;Platinum
C0800;Customer 800;Female;27;Medan;2023-12-28;Silver
C0801;Customer 801;Male;33;Semarang;2023-03-17;Gold
C0802;Customer 802;Female;52;Bandung;2024-09-23;Gold
C0803;Customer 803;Male;28;Bandung;2024-11-05;Silver
C0804;Customer 804;Female;54;Medan;2023-08-23;Platinum
C0805;Customer 805;Female;37;Medan;2023-08-23;Gold
C0806;Customer 806;Female;45;Semarang;2024-08-08;Silver
C0807;Customer 807;Male;47;Medan;2023-03-13;Gold
C0808;Customer 808;Female;33;Bandung;2024-03-12;Silver
C0809;Customer 809;Male;57;Semarang;2024-07-18;Silver
C0810;Customer 810;Female;48;Semarang;2024-03-13;Silver
C0811;Customer 811;Male;36;Jakarta;2023-08-31;Gold
C0812;Customer 812;Male;36;Medan;2023-11-27;Gold
C0813;Customer 813;Female;50;Medan;2024-04-16;Silver
C0814;Customer 814;Male;22;Medan;2023-05-20;Platinum
C0815;Customer 815;Female;47;Medan;2023-11-01;Silver
C0816;Customer 816;Male;60;Bandung;2024-01-22;Gold
C0817;Customer 817;Male;58;Jakarta;2023-12-06;Platinum
C0818;Customer 818;Female;54;Jakarta;2024-01-24;Silver
C0819;Customer 819;Female;32;Semarang;2023-12-10;Silver
C0820;Customer 820;Female;36;Medan;2024-06-03;Platinum
C0821;Customer 821;Male;38;Jakarta;2023-10-18;Gold
C0822;Customer 822;Female;22;Semarang;2024-02-17;Gold
C0823;Customer 823;Female;26;Surabaya;2023-07-10;Gold
C0824;Customer 824;Male;40;Semarang;2023-08-19;Silver
C0825;Customer 825;Male;31;Medan;2023-07-04;Platinum
C0826;Customer 826;Female;27;Semarang;2023-11-10;Gold
C0827;Customer 827;Male;44;Jakarta;2024-07-19;Gold
C0828;Customer 828;Female;53;Jakarta;2023-08-08;Gold
C0829;Customer 829;Female;27;Semarang;2023-07-13;Silver
C0830;Customer 830;Female;32;Surabaya;2024-12-29;Platinum
C0831;Customer 831;Male;36;Semarang;2024-10-22;Gold
C0832;Customer 832;Female;31;Semarang;2023-05-20;Gold
C0833;Customer 833;Female;53;Surabaya;2024-02-16;Silver
C0834;Customer 834;Female;30;Surabaya;2024-02-19;Gold
C0835;Customer 835;Male;38;Bandung;2024-04-05;Silver
C0836;Customer 836;Female;43;Medan;2023-09-09;Platinum
C0837;Customer 837;Male;43;Semarang;2023-07-25;Gold
C0838;Customer 838;Female;26;Semarang;2024-03-24;Gold
C0839;Customer 839;Female;22;Bandung;2024-10-14;Gold
C0840;Customer 840;Male;36;Surabaya;2023-12-27;Silver
C0841;Customer 841;Female;55;Surabaya;2023-06-08;Platinum
C0842;Customer 842;Female;22;Bandung;2023-08-15;Gold
C0843;Customer 843;Male;35;Jakarta;2023-05-14;Platinum
C0844;Customer 844;Female;56;Bandung;2023-07-26;Platinum
C0845;Customer 845;Male;56;Bandung;2024-01-21;Silver
C0846;Customer 846;Male;20;Semarang;2024-07-07;Silver
C0847;Customer 847;Male;55;Medan;2023-07-04;Silver
C0848;Customer 848;Male;20;Medan;2023-04-19;Platinum
C0849;Customer 849;Male;52;Bandung;2023-05-19;Silver
C0850;Customer 850;Male;56;Bandung;2024-08-15;Platinum
C0851;Customer 851;Female;41;Surabaya;2023-11-27;Silver
C0852;Customer 852;Male;25;Bandung;2023-12-08;Gold
C0853;Customer 853;Female;51;Semarang;2024-08-14;Gold
C0854;Customer 854;Male;37;Jakarta;2023-08-31;Platinum
C0855;Customer 855;Female;40;Jakarta;2024-06-06;Gold
C0856;Customer 856;Female;20;Medan;2024-08-15;Silver
C0857;Customer 857;Female;23;Surabaya;2024-02-28;Silver
C0858;Customer 858;Female;60;Bandung;2023-10-05;Platinum
C0859;Customer 859;Male;47;Medan;2023-10-20;Gold
C0860;Customer 860;Male;25;Surabaya;2024-01-11;Gold
C0861;Customer 861;Male;20;Jakarta;2023-05-18;Gold
C0862;Customer 862;Female;35;Surabaya;2023-06-27;Platinum
C0863;Customer 863;Female;54;Jakarta;2023-11-08;Gold
C0864;Customer 864;Male;23;Medan;2023-06-17;Silver
C0865;Customer 865;Female;55;Jakarta;2024-01-08;Platinum
C0866;Customer 866;Male;39;Jakarta;2023-05-08;Silver
C0867;Customer 867;Female;35;Medan;2023-09-10;Gold
C0868;Customer 868;Male;27;Jakarta;2024-01-09;Silver
C0869;Customer 869;Male;39;Semarang;2023-03-01;Silver
C0870;Customer 870;Male;36;Semarang;2023-01-28;Platinum
C0871;Customer 871;Female;38;Surabaya;2024-08-25;Gold
C0872;Customer 872;Male;21;Bandung;2023-11-12;Gold
C0873;Customer 873;Female;30;Jakarta;2023-03-25;Gold
C0874;Customer 874;Male;30;Bandung;2024-04-23;Silver
C0875;Customer 875;Male;27;Medan;2024-07-26;Gold
C0876;Customer 876;Female;29;Medan;2023-02-21;Silver
C0877;Customer 877;Female;24;Bandung;2023-07-02;Gold
C0878;Customer 878;Female;29;Medan;2023-11-19;Gold
C0879;Customer 879;Male;31;Semarang;2024-02-15;Platinum
C0880;Customer 880;Female;41;Bandung;2023-02-25;Platinum
C0881;Customer 881;Male;45;Surabaya;2023-01-06;Silver
C0882;Customer 882;Male;19;Medan;2023-09-04;Gold
C0883;Customer 883;Male;39;Semarang;2024-08-14;Gold
C0884;Customer 884;Male;19;Jakarta;2024-12-04;Platinum
C0885;Customer 885;Female;19;Bandung;2023-12-25;Platinum
C0886;Customer 886;Male;36;Bandung;2023-03-10;Gold
C0887;Customer 887;Female;39;Surabaya;2024-03-18;Platinum
C0888;Customer 888;Female;37;Semarang;2024-07-12;Platinum
C0889;Customer 889;Male;37;Bandung;2024-11-18;Platinum
C0890;Customer 890;Female;56;Semarang;2024-12-12;Silver
C0891;Customer 891;Female;52;Semarang;2023-11-21;Platinum
C0892;Customer 892;Female;43;Bandung;2023-04-30;Platinum
C0893;Customer 893;Male;28;Bandung;2023-05-27;Gold
C0894;Customer 894;Female;58;Medan;2023-04-10;Gold
C0895;Customer 895;Female;48;Surabaya;2023-02-05;Platinum
C0896;Customer 896;Female;21;Semarang;2023-06-02;Platinum
C0897;Customer 897;Female;33;Bandung;2024-10-01;Platinum
C0898;Customer 898;Male;28;Semarang;2024-05-31;Gold
C0899;Customer 899;Female;20;Surabaya;2023-04-11;Gold
C0900;Customer 900;Female;60;Bandung;2024-02-12;Silver
C0901;Customer 901;Male;37;Medan;2024-05-25;Gold
C0902;Customer 902;Female;45;Semarang;2023-12-15;Platinum
C0903;Customer 903;Male;46;Medan;2023-03-10;Silver
C0904;Customer 904;Female;36;Surabaya;2023-10-03;Platinum
C0905;Customer 905;Female;46;Medan;2024-01-15;Platinum
C0906;Customer 906;Male;31;Semarang;2024-04-27;Silver
C0907;Customer 907;Male;43;Bandung;2023-02-02;Platinum
C0908;Customer 908;Female;58;Surabaya;2024-03-28;Platinum
C0909;Customer 909;Male;36;Semarang;2024-12-25;Silver
C0910;Customer 910;Male;20;Bandung;2023-07-01;Gold
C0911;Customer 911;Female;18;Jakarta;2024-11-28;Silver
C0912;Customer 912;Female;34;Medan;2023-01-11;Silver
C0913;Customer 913;Female;27;Jakarta;2024-10-28;Gold
C0914;Customer 914;Female;56;Surabaya;2023-08-01;Silver
C0915;Customer 915;Male;24;Semarang;2023-06-08;Platinum
C0916;Customer 916;Male;25;Medan;2024-02-28;Gold
C0917;Customer 917;Female;53;Medan;2023-01-26;Silver
C0918;Customer 918;Male;54;Medan;2024-07-23;Silver
C0919;Customer 919;Male;58;Surabaya;2023-10-06;Platinum
C0920;Customer 920;Male;25;Jakarta;2023-07-10;Silver
C0921;Customer 921;Male;24;Semarang;2024-11-13;Silver
C0922;Customer 922;Female;38;Bandung;2023-07-14;Gold
C0923;Customer 923;Male;18;Jakarta;2023-08-27;Gold
C0924;Customer 924;Female;23;Semarang;2023-07-25;Platinum
C0925;Customer 925;Female;43;Bandung;2024-02-15;Gold
C0926;Customer 926;Male;22;Medan;2023-02-23;Gold
C0927;Customer 927;Male;48;Surabaya;2023-08-03;Gold
C0928;Customer 928;Female;39;Semarang;2023-02-09;Platinum
C0929;Customer 929;Female;43;Surabaya;2023-09-13;Platinum
C0930;Customer 930;Female;19;Semarang;2023-10-17;Silver
C0931;Customer 931;Male;58;Medan;2023-08-23;Platinum
C0932;Customer 932;Male;29;Medan;2024-05-11;Silver
C0933;Customer 933;Male;32;Jakarta;2024-02-17;Silver
C0934;Customer 934;Female;34;Medan;2024-10-31;Silver
C0935;Customer 935;Female;53;Surabaya;2024-03-25;Platinum
C0936;Customer 936;Female;35;Surabaya;2023-08-20;Platinum
C0937;Customer 937;Female;18;Bandung;2023-01-01;Silver
C0938;Customer 938;Female;50;Bandung;2024-05-03;Gold
C0939;Customer 939;Female;58;Jakarta;2023-08-11;Silver
C0940;Customer 940;Male;27;Jakarta;2024-04-08;Platinum
C0941;Customer 941;Male;46;Semarang;2023-02-07;Silver
C0942;Customer 942;Female;57;Bandung;2024-06-24;Platinum
C0943;Customer 943;Male;18;Bandung;2023-02-25;Gold
C0944;Customer 944;Male;19;Semarang;2023-10-02;Silver
C0945;Customer 945;Male;23;Bandung;2023-11-23;Platinum
C0946;Customer 946;Male;39;Semarang;2024-03-16;Silver
C0947;Customer 947;Female;26;Bandung;2024-10-27;Gold
C0948;Customer 948;Female;38;Medan;2023-02-25;Gold
C0949;Customer 949;Female;25;Jakarta;2024-02-07;Platinum
C0950;Customer 950;Male;54;Surabaya;2024-09-17;Silver
C0951;Customer 951;Male;36;Jakarta;2024-03-12;Gold
C0952;Customer 952;Female;59;Medan;2024-06-13;Silver
C0953;Customer 953;Male;25;Jakarta;2024-09-12;Platinum
C0954;Customer 954;Male;60;Jakarta;2024-02-01;Platinum
C0955;Customer 955;Male;25;Medan;2024-10-14;Silver
C0956;Customer 956;Female;26;Surabaya;2024-03-08;Platinum
C0957;Customer 957;Male;32;Bandung;2023-03-15;Gold
C0958;Customer 958;Male;42;Bandung;2024-10-09;Gold
C0959;Customer 959;Male;48;Bandung;2024-11-16;Silver
C0960;Customer 960;Female;41;Medan;2024-07-13;Platinum
C0961;Customer 961;Male;20;Medan;2023-01-10;Gold
C0962;Customer 962;Female;18;Bandung;2023-12-21;Gold
C0963;Customer 963;Female;57;Bandung;2023-12-21;Platinum
C0964;Customer 964;Male;39;Surabaya;2024-12-03;Platinum
C0965;Customer 965;Male;46;Semarang;2024-08-29;Platinum
C0966;Customer 966;Male;19;Surabaya;2024-07-21;Gold
C0967;Customer 967;Male;34;Bandung;2024-08-09;Silver
C0968;Customer 968;Male;18;Jakarta;2024-03-24;Silver
C0969;Customer 969;Male;45;Surabaya;2023-02-12;Silver
C0970;Customer 970;Female;51;Surabaya;2023-07-21;Platinum
C0971;Customer 971;Male;51;Surabaya;2024-10-30;Gold
C0972;Customer 972;Female;49;Medan;2024-09-11;Silver
C0973;Customer 973;Male;54;Bandung;2023-07-02;Platinum
C0974;Customer 974;Female;41;Surabaya;2023-02-05;Silver
C0975;Customer 975;Male;32;Medan;2023-01-19;Silver
C0976;Customer 976;Male;38;Bandung;2024-10-22;Gold
C0977;Customer 977;Female;48;Semarang;2023-06-20;Gold
C0978;Customer 978;Male;23;Surabaya;2024-10-17;Platinum
C0979;Customer 979;Male;28;Jakarta;2023-10-28;Gold
C0980;Customer 980;Male;52;Jakarta;2024-10-24;Platinum
C0981;Customer 981;Female;22;Surabaya;2024-01-16;Silver
C0982;Customer 982;Male;38;Semarang;2023-05-15;Gold
C0983;Customer 983;Female;22;Medan;2023-12-12;Silver
C0984;Customer 984;Female;21;Medan;2023-08-08;Platinum
C0985;Customer 985;Female;33;Surabaya;2024-10-06;Silver
C0986;Customer 986;Male;42;Jakarta;2024-07-08;Platinum
C0987;Customer 987;Female;39;Jakarta;2023-05-16;Platinum
C0988;Customer 988;Male;28;Bandung;2023-01-27;Silver
C0989;Customer 989;Female;50;Bandung;2024-05-31;Silver
C0990;Customer 990;Female;42;Semarang;2023-01-01;Platinum
C0991;Customer 991;Male;33;Semarang;2024-02-11;Silver
C0992;Customer 992;Male;29;Semarang;2024-01-10;Silver
C0993;Customer 993;Male;59;Bandung;2023-07-01;Silver
C0994;Customer 994;Male;32;Semarang;2024-02-03;Platinum
C0995;Customer 995;Female;53;Medan;2024-03-18;Platinum
C0996;Customer 996;Female;21;Medan;2024-12-18;Platinum
C0997;Customer 997;Female;29;Bandung;2024-07-04;Platinum
C0998;Customer 998;Female;38;Semarang;2024-11-28;Platinum
C0999;Customer 999;Male;26;Medan;2023-07-16;Gold
C1000;Customer 1000;Male;26;Jakarta;2023-12-23;Platinum
